Dataset,Iteration,# instances < 100 tokens,# instances comp. < 100 tokens,# with vuln inserted,Compilable,With vuln. Inserted
Raw,2000,1194,1178,1150,98.6599665,96.31490787
Raw,6000,1194,1192,1172,99.83249581,98.15745394
Raw,10000,1194,1193,1182,99.91624791,98.99497487
Obfuscated,2000,1194,1134,1107,94.97487437,92.71356784
Obfuscated,6000,1194,1133,1102,94.89112228,92.29480737
Obfuscated,10000,1194,1141,1116,95.56113903,93.46733668
Mutated,2000,1520,1493,1476,98.22368421,97.10526316
Mutated,6000,1520,1518,1509,99.86842105,99.27631579
Mutated,10000,1520,1515,1510,99.67105263,99.34210526